timestamp,type,mode,package,charge,screen_on,batt_temp,cpu_temp,thermal_cap_pct,thermal_free_pct,clg_active,psi_cpu_some,psi_io_some,psi_mem_some,gpu_busy_pct,batt_voltage_v,batt_current_ma,batt_power_w,wakeups,migrations,freq_trans,fps
13:19:43.951,snap,default,,discharging,1,31.7,74.2,100,95,1,69.18,6.29,1.54,16,4.131,1.961,8.100891,0,0,0,-
13:19:44.963,snap,default,com.android.quicksearchbox,discharging,1,31.8,77.2,100,95,1,69.18,6.29,1.54,24,4.134,1.828,7.5569515,0,0,0,-
13:19:45.963,snap,default,com.android.quicksearchbox,discharging,1,31.8,78.5,100,95,1,69.33,6.05,1.26,0,4.151,1.441,5.9815907,39890,14393,0,-
13:19:46.964,snap,default,com.android.quicksearchbox,discharging,1,31.8,79.3,100,95,1,69.33,6.05,1.26,0,4.153,1.706,7.0850177,39890,14393,0,-
13:19:47.964,snap,default,com.android.quicksearchbox,discharging,1,31.8,78.5,100,95,1,68.73,6.77,1.39,0,4.14,1.658,6.8641195,43121,11996,0,-
13:19:48.965,snap,default,com.android.quicksearchbox,discharging,1,31.8,78.1,100,95,1,68.73,6.77,1.39,0,4.144,1.619,6.709136,43121,11996,0,-
13:19:49.964,snap,default,com.android.quicksearchbox,discharging,1,31.8,75.1,100,95,1,66.42,7.17,1.14,19,4.154,1.474,6.122996,28085,8472,0,-
13:19:50.964,snap,default,com.tencent.mobileqq,discharging,1,31.8,72.2,100,95,1,66.42,7.17,1.14,19,4.129,1.709,7.0564613,28085,8472,0,-
13:19:51.969,snap,default,com.tencent.mobileqq,discharging,1,31.8,71.4,100,95,1,62.54,6.41,0.93,2,4.168,1.106,4.609808,11507,3324,0,-
13:19:52.965,snap,default,com.tencent.mobileqq,discharging,1,31.8,71.4,100,95,1,62.54,6.41,0.93,0,4.167,1.253,5.221251,11507,3324,0,-
13:19:53.971,snap,default,com.tencent.mobileqq,discharging,1,31.8,71.4,100,95,1,59.54,6.16,0.76,0,4.159,1.224,5.0906157,34093,10239,0,-
13:19:54.965,snap,default,com.tencent.mobileqq,discharging,1,31.8,69.8,100,95,1,59.54,6.16,0.76,0,4.171,1.214,5.063594,34093,10239,0,-
13:19:55.967,snap,default,com.tencent.mobileqq,discharging,1,31.8,71,100,95,1,61.07,9.21,1.71,0,4.157,1.377,5.724189,48525,8731,0,-
13:19:56.969,snap,default,com.tencent.mobileqq,discharging,1,31.9,70.6,100,95,1,61.07,9.21,1.71,0,4.149,1.38,5.7256203,48525,8731,0,-
13:19:57.969,snap,default,com.tencent.mobileqq,discharging,1,31.9,70.6,100,95,1,62.51,9.53,1.76,0,4.155,1.402,5.82531,52511,15356,0,-
13:19:58.968,snap,default,com.tencent.mobileqq,discharging,1,31.9,70.6,100,95,1,62.51,9.53,1.76,0,4.152,1.348,5.596896,52511,15356,0,-
13:19:59.970,snap,default,com.tencent.mobileqq,discharging,1,31.9,69,100,95,1,61.15,9.07,1.62,4,4.154,1.304,5.4168158,30934,11284,0,-
13:20:00.970,snap,default,com.tencent.mobileqq,discharging,1,31.9,66,100,95,1,61.15,9.07,1.62,4,4.16,0.954,3.9686399,30934,11284,0,-
13:20:01.969,snap,default,com.tencent.mobileqq,discharging,1,31.9,63,100,95,1,53.15,7.97,1.33,4,4.186,0.777,3.252522,30934,11284,0,-
13:20:02.969,snap,default,com.tencent.mobileqq,discharging,1,31.9,60.3,100,95,1,53.15,7.97,1.33,8,4.18,0.679,2.83822,17291,5530,0,-
13:20:03.969,snap,default,com.tencent.mobileqq,discharging,1,31.9,61.5,100,95,1,45.33,7.61,1.27,8,4.179,0.748,3.125892,17291,5530,0,-
13:20:04.972,snap,default,com.tencent.mobileqq,discharging,1,31.9,63.1,100,95,1,45.33,7.61,1.27,12,4.166,0.936,3.899376,30557,11941,0,-
13:20:05.970,snap,default,com.tencent.mobileqq,discharging,1,31.9,64.7,100,95,1,40.56,6.96,1.04,12,4.178,1.167,4.875726,30557,11941,0,-
13:20:06.970,snap,default,com.tencent.mobileqq,discharging,1,31.9,64.7,100,95,1,40.56,6.96,1.04,11,4.157,1.253,5.208721,42612,16144,0,-
13:20:07.970,snap,default,com.tencent.mobileqq,discharging,1,31.9,67.7,100,95,1,39.19,7.69,1.03,16,4.167,1.441,6.004647,42612,16144,0,-
13:20:08.970,snap,default,com.tencent.mobileqq,discharging,1,31.9,70.7,100,95,1,39.19,7.69,1.03,18,4.127,1.853,7.6473308,48225,19977,0,-
13:20:09.984,snap,default,com.tencent.mobileqq,discharging,1,31.9,71,100,95,1,39.88,11.73,3.2,18,4.133,1.619,6.6913266,48225,19977,0,-
13:20:10.985,snap,default,com.tencent.mm,discharging,1,31.9,71.4,100,95,1,39.88,11.73,3.2,18,4.162,1.304,5.4272485,39181,13702,0,-
13:20:11.984,snap,default,com.tencent.mm,discharging,1,31.9,71.4,100,95,1,42.26,13.95,3.52,18,4.151,1.301,5.400451,39181,13702,0,-
13:20:12.984,snap,default,com.tencent.mm,discharging,1,31.9,71,100,95,1,42.26,13.95,3.52,0,4.155,1.301,5.4056554,36347,9405,0,-
13:20:13.987,snap,default,com.tencent.mm,discharging,1,31.9,69.8,100,95,1,46.19,12.87,3.61,0,4.157,1.304,5.420728,36347,9405,0,-
13:20:14.984,snap,default,com.tencent.mm,discharging,1,31.9,69.8,100,95,1,46.19,12.87,3.61,0,4.156,1.239,5.149284,30841,12326,0,-
13:20:15.984,snap,default,com.tencent.mm,discharging,1,31.9,69.8,100,95,1,44.53,11.81,3.13,4,4.162,1.218,5.0693164,30841,12326,0,-
13:20:17.000,snap,default,com.tencent.mm,discharging,1,31.9,69.8,100,95,1,44.53,11.81,3.13,4,4.15,1.236,5.1294,35203,11830,0,-
13:20:17.985,snap,default,com.tencent.mm,discharging,1,31.9,69.8,100,95,1,47.87,10.39,2.75,6,4.151,1.387,5.7574368,35203,11830,0,-
13:20:18.986,snap,default,com.tencent.mm,discharging,1,31.9,69.8,100,95,1,51.88,9.78,2.61,7,4.151,1.323,5.4917727,41702,15346,0,-
13:20:19.989,snap,default,com.tencent.mm,discharging,1,31.9,70.2,100,95,1,51.88,9.78,2.61,7,4.158,1.304,5.422032,41702,15346,0,-
13:20:20.987,snap,default,com.tencent.mm,discharging,1,31.9,69,100,95,1,51.54,9.63,2.14,4,4.154,1.265,5.25481,34188,16762,0,-
13:20:21.989,snap,default,com.tencent.mm,discharging,1,31.9,69,100,95,1,51.54,9.63,2.14,0,4.159,1.141,4.745419,34188,16762,0,-
13:20:22.988,snap,default,com.tencent.mm,discharging,1,31.9,66,100,95,1,47.27,8.61,1.75,0,4.164,0.712,2.9647682,26439,13754,0,-
13:20:23.992,snap,default,com.tencent.mm,discharging,1,31.9,63,100,95,1,47.27,8.61,1.75,7,4.19,0.589,2.46791,26439,13754,0,-
13:20:24.988,snap,default,com.tencent.mm,discharging,1,31.9,60,100,95,1,41.97,7.05,1.43,0,4.186,0.354,1.481844,11869,4666,0,-
13:20:25.993,snap,default,com.tencent.mm,discharging,1,31.9,57,100,95,1,41.97,7.05,1.43,0,4.192,0.39,1.63488,11869,4666,0,-
13:20:26.989,snap,default,com.tencent.mm,discharging,1,31.9,54.8,100,95,1,37.26,6.14,1.17,0,4.193,0.553,2.3187287,16050,8354,0,-
13:20:27.997,snap,default,com.tencent.mm,discharging,1,31.9,55.2,100,95,1,37.26,6.14,1.17,0,4.181,0.597,2.496057,16050,8354,0,-
13:20:28.993,snap,default,com.tencent.mm,discharging,1,31.9,58.2,100,95,1,34.14,6.11,0.96,0,4.18,0.669,2.79642,16050,8354,0,-
13:20:29.993,snap,default,com.tencent.mm,discharging,1,31.9,58.8,100,95,1,34.14,6.11,0.96,10,4.194,0.715,2.9987097,22043,11534,0,-
13:20:30.993,snap,default,com.tencent.mm,discharging,1,31.9,56,100,95,1,31.57,5.36,0.78,10,4.19,0.56,2.3464,22043,11534,0,-
13:20:31.994,snap,default,com.tencent.mm,discharging,1,31.9,55.6,100,95,1,31.57,5.36,0.78,10,4.176,0.491,2.050416,20098,10947,0,-
13:20:32.993,snap,default,com.tencent.mm,discharging,1,31.9,55.6,100,95,1,29.84,4.93,0.82,10,4.193,0.578,2.423554,20098,10947,0,-
13:20:33.994,snap,default,com.tencent.mm,discharging,1,31.9,55.6,100,95,1,29.84,4.93,0.82,7,4.173,0.893,3.7264888,29300,13491,0,-
13:20:34.995,snap,default,com.tencent.mm,discharging,1,31.9,54.8,100,95,1,28.78,4.22,0.67,7,4.188,0.437,1.8301561,29300,13491,0,-
13:20:35.994,snap,default,com.tencent.mm,discharging,1,31.9,54.8,100,95,1,28.78,4.22,0.67,2,4.191,0.658,2.757678,17549,8682,0,-
13:20:36.993,snap,default,com.tencent.mm,discharging,1,31.9,56.4,100,95,1,28.82,4.36,0.55,4,4.166,0.932,3.882712,17549,8682,0,-
13:20:37.996,snap,default,com.tencent.mm,discharging,1,31.8,59.4,100,95,1,28.82,4.36,0.55,4,4.173,0.849,3.5428767,25570,12673,0,-
13:20:38.995,snap,default,com.tencent.mm,discharging,1,31.8,59.6,100,95,1,25.95,3.57,0.45,0,4.194,0.408,1.7111518,25570,12673,0,-
13:20:39.995,snap,default,com.tencent.mm,discharging,1,31.8,56.6,100,95,1,25.95,3.57,0.45,13,4.196,0.64,2.68544,20256,11992,0,-
13:20:40.995,snap,default,com.tencent.mm,discharging,1,31.8,54.8,100,95,1,25.42,3.1,0.37,13,4.165,0.629,2.619785,20256,11992,0,-
13:20:41.995,snap,default,com.tencent.mm,discharging,1,31.8,56.4,100,95,1,25.42,3.1,0.37,14,4.166,0.831,3.4619458,29677,17853,0,-
13:20:42.996,snap,default,com.tencent.mm,discharging,1,31.8,56.4,100,95,1,25.52,2.9,0.3,9,4.181,0.723,3.0228631,29677,17853,0,-
13:20:43.997,snap,default,com.tencent.mm,discharging,1,31.8,56.4,100,95,1,25.52,2.9,0.3,15,4.186,0.741,3.101826,28126,17546,0,-
13:20:44.996,snap,default,com.tencent.mm,discharging,1,31.8,57.2,100,95,1,25.06,2.38,0.24,14,4.172,0.741,3.091452,28126,17546,0,-
13:20:46.005,snap,default,com.tencent.mm,discharging,1,31.8,58.4,100,95,1,25.06,2.38,0.24,17,4.186,0.853,3.5706577,28507,16446,0,-
13:20:46.998,snap,default,com.tencent.mm,discharging,1,31.7,58.4,100,95,1,25.23,2.67,0.2,17,4.18,0.889,3.7160199,28507,16446,0,-
13:20:47.998,snap,default,com.tencent.mm,discharging,1,31.7,55.6,100,95,1,25.23,2.67,0.2,19,4.173,0.419,1.748487,21824,9972,0,-
13:20:48.997,snap,default,com.tencent.mm,discharging,1,31.7,54,100,95,1,24.1,2.37,0.16,13,4.196,0.586,2.458856,21824,9972,0,-
13:20:49.999,snap,default,com.tencent.mm,discharging,1,31.7,53.6,100,95,1,24.1,2.37,0.16,14,4.182,0.6,2.5092,27866,11846,0,-
13:20:51.001,snap,default,com.tencent.mm,discharging,1,31.7,53.6,100,95,1,23.18,1.94,0.13,0,4.185,0.319,1.335015,27866,11846,0,-
13:20:51.997,snap,default,com.tencent.mm,discharging,1,31.7,54.4,100,95,1,23.18,1.94,0.13,0,4.181,0.553,2.312093,22822,9818,0,-
13:20:53.000,snap,default,com.tencent.mm,discharging,1,31.7,54.4,100,95,1,22.96,1.77,0.11,15,4.183,0.578,2.4177742,22822,9818,0,-
13:20:53.999,snap,default,com.tencent.mm,discharging,1,31.7,54.4,100,95,1,22.96,1.77,0.11,0,4.196,0.249,1.044804,22822,9818,0,-
13:20:55.001,snap,default,com.tencent.mm,discharging,1,31.7,51.7,100,95,1,21.88,1.44,0.09,7,4.188,0.665,2.78502,15759,8410,0,-
13:20:56.003,snap,default,com.tencent.mm,discharging,1,31.7,51.7,100,95,1,21.88,1.44,0.09,7,4.182,0.423,1.7689861,15759,8410,0,-
13:20:57.003,snap,default,com.tencent.mm,discharging,1,31.7,50.5,100,95,1,21.72,1.18,0.07,6,4.187,0.441,1.846467,18430,8433,0,-
13:20:58.003,snap,default,com.tencent.mm,discharging,1,31.5,50.1,100,95,1,21.72,1.18,0.07,6,4.191,0.351,1.4710411,18430,8433,0,-
13:20:59.003,snap,default,com.tencent.mm,discharging,1,31.5,50.1,100,95,1,21.23,0.97,0.06,6,4.195,0.394,1.65283,19388,6543,0,-
13:21:00.004,snap,default,com.tencent.mm,discharging,1,31.5,50.1,100,95,1,21.23,0.97,0.06,6,4.19,0.423,1.7723701,19388,6543,0,-
13:21:01.003,snap,default,com.tencent.mm,discharging,1,31.5,52.8,100,95,1,22.27,1.33,0.04,3,4.19,0.914,3.82966,23403,12495,0,-
13:21:02.002,snap,default,com.tencent.mm,discharging,1,31.5,54,100,95,1,22.27,1.33,0.04,5,4.157,1.052,4.373164,23403,12495,0,-
13:21:03.002,snap,default,com.tencent.mm,discharging,1,31.5,55.2,100,95,1,23.31,2.36,0.22,0,4.166,0.676,2.816216,30231,15986,0,-
13:21:04.004,snap,default,com.tencent.mm,discharging,1,31.5,54.8,100,95,1,23.31,2.36,0.22,0,4.184,0.928,3.882752,30231,15986,0,-
13:21:05.003,snap,default,com.tencent.mm,discharging,1,31.5,54.8,100,95,1,23.43,2.47,0.18,9,4.181,0.462,1.9316221,25176,12863,0,-
13:21:06.004,snap,default,com.tencent.mm,discharging,1,31.5,53.2,100,95,1,23.43,2.47,0.18,9,4.195,0.578,2.42471,25176,12863,0,-
13:21:07.003,snap,default,com.tencent.mm,discharging,1,31.5,53.2,100,95,1,24.26,2.03,0.14,9,4.187,0.47,1.9678899,25220,13955,0,-
13:21:08.003,snap,default,com.tencent.mm,discharging,1,31.4,54.4,100,95,1,24.26,2.03,0.14,7,4.192,0.741,3.106272,25220,13955,0,-
13:21:09.006,snap,default,com.tencent.mm,discharging,1,31.4,56.8,100,95,1,23.85,1.84,0.12,10,4.158,0.979,4.070682,28084,16685,0,-
13:21:10.006,snap,default,com.tencent.mm,discharging,1,31.4,56.8,100,95,1,23.85,1.84,0.12,2,4.165,0.578,2.40737,28084,16685,0,-
13:21:11.004,snap,default,com.tencent.mm,discharging,1,31.4,53.8,100,95,1,23.15,1.5,0.09,2,4.191,0.412,1.726692,16894,9578,0,-
13:21:12.007,snap,default,com.tencent.mm,discharging,1,31.4,51.3,100,95,1,23.15,1.5,0.09,0,4.194,0.286,1.199484,16894,9578,0,-
13:21:13.008,snap,default,com.tencent.mm,discharging,1,31.4,51.3,100,95,1,23.49,1.23,0.08,8,4.195,0.452,1.8961401,19223,10903,0,-
13:21:14.004,snap,default,com.tencent.mm,discharging,1,31.4,54.3,100,95,1,23.49,1.23,0.08,8,4.185,0.878,3.6744301,19223,10903,0,-
13:21:15.006,snap,default,com.tencent.mm,discharging,1,31.4,55.2,100,95,1,25.03,1.19,0.06,7,4.173,0.752,3.1380959,34219,20069,0,-
13:21:16.011,snap,default,com.tencent.mm,discharging,1,31.4,52.4,100,95,1,25.03,1.19,0.06,9,4.183,0.654,2.735682,34219,20069,0,-
13:21:17.007,snap,default,com.tencent.mm,discharging,1,31.4,52.1,100,95,1,23.75,0.97,0.05,0,4.178,0.491,2.051398,18987,9233,0,-
13:21:18.008,snap,default,com.tencent.mm,discharging,1,31.3,51.3,100,95,1,23.75,0.97,0.05,6,4.183,0.437,1.8279711,18987,9233,0,-
13:21:19.008,snap,default,com.tencent.mm,discharging,1,31.3,50.5,100,95,1,22.89,0.79,0.04,6,4.19,0.383,1.60477,16381,6371,0,-
13:21:20.010,snap,default,com.tencent.mm,discharging,1,31.3,50.1,100,95,1,22.89,0.79,0.04,0,4.194,0.354,1.4846759,16381,6371,0,-
13:21:21.012,snap,default,com.tencent.mm,discharging,1,31.3,49.7,100,95,1,22.18,0.65,0.03,2,4.178,0.369,1.5416819,16381,6371,0,-
13:21:22.011,snap,default,com.tencent.mm,discharging,1,31.3,49.7,100,95,1,22.18,0.65,0.03,0,4.183,0.387,1.618821,13202,5454,0,-
13:21:23.009,snap,default,com.tencent.mm,discharging,1,31.3,50.1,100,95,1,20.7,0.53,0.02,0,4.189,0.402,1.6839781,13202,5454,0,-
13:21:24.009,snap,default,com.tencent.mm,discharging,1,31.3,53.1,100,95,1,20.7,0.53,0.02,5,4.196,0.773,3.243508,18088,9717,0,-
13:21:25.013,snap,default,com.tencent.mm,discharging,1,31.3,54.4,100,95,1,20.75,0.43,0.02,6,4.164,0.748,3.1146722,18088,9717,0,-
13:21:26.012,snap,default,com.tencent.mm,discharging,1,31.3,52.1,100,95,1,20.75,0.43,0.02,6,4.19,0.452,1.89388,23813,12372,0,-
13:21:27.012,snap,default,com.tencent.mm,discharging,1,31.2,50.5,100,95,1,20.44,0.35,0.01,6,4.195,0.286,1.1997701,23813,12372,0,-
13:21:28.011,snap,default,com.tencent.mm,discharging,1,31.2,50.1,100,95,1,20.44,0.35,0.01,3,4.188,0.452,1.892976,20314,9108,0,-
13:21:29.012,snap,default,com.tencent.mm,discharging,1,31.2,50.5,100,95,1,21.81,0.29,0.01,0,4.175,0.52,2.171,20314,9108,0,-
13:21:30.011,snap,default,com.tencent.mm,discharging,1,31.2,52.4,100,95,1,21.81,0.29,0.01,7,4.182,0.651,2.7224822,27051,15424,0,-
13:21:31.011,snap,default,com.tencent.mm,discharging,1,31.2,52.4,100,95,1,22.75,0.24,0.01,9,4.165,0.647,2.694755,27051,15424,0,-
13:21:32.011,snap,default,com.tencent.mm,discharging,1,31.2,53.2,100,95,1,22.75,0.24,0.01,15,4.155,0.687,2.854485,26301,14738,0,-
13:21:33.012,snap,default,com.tencent.mm,discharging,1,31.2,53.2,100,95,1,22.61,0.19,0,9,4.172,0.762,3.179064,26301,14738,0,-
13:21:34.015,snap,default,com.tencent.mm,discharging,1,31.2,51.3,100,95,1,22.61,0.19,0,9,4.182,0.549,2.2959182,25553,13109,0,-
13:21:35.013,snap,default,com.tencent.mm,discharging,1,31.2,51.3,100,95,1,22.14,0.34,0,6,4.176,0.549,2.2926242,25553,13109,0,-
13:21:36.013,snap,default,com.tencent.mm,discharging,1,31.2,51.7,100,95,1,22.14,0.34,0,10,4.193,0.636,2.6667478,22606,11581,0,-
13:21:37.014,snap,default,com.tencent.mm,discharging,1,31.2,51.7,100,95,1,22.29,0.46,0,0,4.171,0.532,2.218972,22606,11581,0,-
13:21:38.015,snap,default,com.tencent.mm,discharging,1,31.1,52.1,100,95,1,22.29,0.46,0,6,4.176,0.654,2.731104,23417,12137,0,-
13:21:39.015,snap,default,com.tencent.mm,discharging,1,31.1,52.1,100,95,1,22.6,0.55,0,9,4.172,0.679,2.832788,23417,12137,0,-
13:21:40.019,snap,default,com.tencent.mm,discharging,1,31.1,53.6,100,95,1,22.6,0.55,0,9,4.185,0.593,2.481705,26775,13419,0,-
13:21:41.015,snap,default,com.tencent.mm,discharging,1,31.1,53.6,100,95,1,23.22,0.45,0,8,4.183,0.702,2.9364662,26775,13419,0,-
13:21:42.018,snap,default,com.tencent.mm,discharging,1,31.1,51.7,100,95,1,23.22,0.45,0,8,4.177,0.416,1.737632,22552,11103,0,-
13:21:43.015,snap,default,com.tencent.mm,discharging,1,31.1,51.7,100,95,1,22.63,0.37,0,5,4.177,0.416,1.737632,22552,11103,0,-
13:21:44.015,snap,default,com.tencent.mm,discharging,1,31.1,50.9,100,95,1,22.63,0.37,0,5,4.194,0.456,1.9124639,17858,8432,0,-
13:21:45.015,snap,default,com.tencent.mm,discharging,1,31.1,52.1,100,95,1,22.63,0.37,0,5,4.189,0.545,2.2830052,17858,8432,0,-
13:21:46.017,snap,default,com.tencent.mm,discharging,1,31.1,50.9,100,95,1,22.52,0.3,0,8,4.182,0.6,2.5092,17858,8432,0,-
13:21:47.019,snap,default,com.tencent.mm,discharging,1,31.1,52.4,100,95,1,22.52,0.3,0,5,4.186,0.622,2.6036918,21364,12166,0,-
13:21:48.018,snap,default,com.tencent.mm,discharging,1,31,50.9,100,95,1,20.61,0.25,0,0,4.176,0.47,1.96272,21364,12166,0,-
13:21:49.018,snap,default,com.tencent.mm,discharging,1,31,50.9,100,95,1,20.61,0.25,0,9,4.194,0.564,2.3654158,22607,10905,0,-
13:21:50.017,snap,default,com.tencent.mm,discharging,1,31,50.9,100,95,1,20.68,0.2,0,11,4.169,0.607,2.5305831,22607,10905,0,-
13:21:51.021,snap,default,com.tencent.mm,discharging,1,31,50.5,100,95,1,20.68,0.2,0,11,4.178,0.625,2.61125,24335,11886,0,-
13:21:52.021,snap,default,com.tencent.mm,discharging,1,31,51.3,100,95,1,20.92,0.16,0,9,4.181,0.491,2.052871,24335,11886,0,-
13:21:53.021,snap,default,com.tencent.mm,discharging,1,31,50.1,100,95,1,20.92,0.16,0,6,4.185,0.452,1.8916199,21977,12006,0,-
13:21:54.022,snap,default,com.tencent.mm,discharging,1,31,49.7,100,95,1,20.93,0.13,0,6,4.186,0.636,2.6622958,21977,12006,0,-
13:21:55.021,snap,default,com.tencent.mm,discharging,1,31,48.9,100,95,1,20.93,0.13,0,4,4.19,0.398,1.6676201,19156,7442,0,-
13:21:56.020,snap,default,com.tencent.mm,discharging,1,31,48.9,100,95,1,20.76,0.11,0,0,4.185,0.373,1.561005,19156,7442,0,-
13:21:57.023,snap,default,com.tencent.mm,discharging,1,31,51.3,100,95,1,20.76,0.11,0,4,4.183,0.532,2.225356,27491,13623,0,-
13:21:58.021,snap,default,com.tencent.mm,discharging,1,30.9,51.3,100,95,1,21.71,0.63,0.18,21,4.174,0.694,2.896756,27491,13623,0,-
13:21:59.022,snap,default,com.tencent.mm,discharging,1,30.9,54.3,100,95,1,21.71,0.63,0.18,21,4.184,0.723,3.025032,30961,17943,0,-
13:22:00.022,snap,default,com.tencent.mm,discharging,1,30.9,55.6,100,95,1,22.85,0.52,0.14,9,4.181,0.582,2.4333422,30961,17943,0,-
13:22:01.025,snap,default,com.tencent.mm,discharging,1,30.9,55.6,100,95,1,22.85,0.52,0.14,5,4.172,0.864,3.604608,30695,16055,0,-
13:22:02.022,snap,default,com.tencent.mm,discharging,1,30.9,52.6,100,95,1,23.6,0.42,0.12,5,4.174,0.503,2.0995219,30695,16055,0,-
13:22:03.032,snap,default,com.tencent.mm,discharging,1,30.9,50.5,100,95,1,23.6,0.42,0.12,6,4.185,0.456,1.90836,19723,8108,0,-
13:22:04.023,snap,default,com.tencent.mm,discharging,1,30.9,50.5,100,95,1,22.95,0.34,0.09,6,4.182,0.434,1.814988,19723,8108,0,-
13:22:05.023,snap,default,com.tencent.mm,discharging,1,30.9,53.5,100,95,1,22.95,0.34,0.09,7,4.19,0.553,2.31707,24361,14261,0,-
13:22:06.027,snap,default,com.tencent.mm,discharging,1,30.9,54.4,100,95,1,22.41,0.28,0.08,7,4.174,0.828,3.4560719,24361,14261,0,-
13:22:07.024,snap,default,com.tencent.mm,discharging,1,30.9,52.4,100,95,1,22.41,0.28,0.08,7,4.171,0.564,2.352444,18930,10950,0,-
13:22:08.025,snap,default,com.tencent.mm,discharging,1,30.8,52.4,100,95,1,21.79,0.23,0.06,5,4.192,0.325,1.3623999,18930,10950,0,-
13:22:09.024,snap,default,com.tencent.mm,discharging,1,30.8,52.4,100,95,1,21.79,0.23,0.06,6,4.185,0.574,2.40219,33408,19461,0,-
13:22:10.025,snap,default,com.tencent.mm,discharging,1,30.8,54,100,95,1,23.46,0.19,0.05,14,4.186,0.654,2.737644,33408,19461,0,-
13:22:11.025,snap,default,com.tencent.mm,discharging,1,30.8,56,100,95,1,23.46,0.19,0.05,23,4.185,0.979,4.097115,33612,17908,0,-
13:22:12.025,snap,default,com.coolapk.market,discharging,1,30.8,59,100,95,1,24.28,1.42,0.04,23,4.145,1.139,4.721155,33612,17908,0,-
13:22:13.025,snap,default,com.coolapk.market,discharging,1,30.8,62,100,95,1,24.28,1.42,0.04,3,4.164,1.311,5.459004,33612,17908,0,-
13:22:14.025,snap,default,com.coolapk.market,discharging,1,30.8,59,100,95,1,26.58,3.7,0.39,7,4.159,1.113,4.6289673,33627,16991,0,-
13:22:15.025,snap,default,com.coolapk.market,discharging,1,30.8,56.8,100,95,1,26.58,3.7,0.39,9,4.165,0.81,3.37365,33627,16991,0,-
13:22:16.027,snap,default,com.coolapk.market,discharging,1,30.8,56.8,100,95,1,25.39,3.21,0.32,21,4.183,0.654,2.735682,24244,12194,0,-
13:22:17.027,snap,default,com.coolapk.market,discharging,1,30.8,56.8,100,95,1,25.39,3.21,0.32,30,4.165,0.799,3.327835,24244,12194,0,-
13:22:18.027,snap,default,com.coolapk.market,discharging,1,30.8,56,100,95,1,24.41,2.81,0.26,18,4.179,0.719,3.004701,23294,13412,0,-
13:22:19.026,snap,default,com.coolapk.market,discharging,1,30.8,56,100,95,1,24.41,2.81,0.26,21,4.188,0.69,2.8897202,23294,13412,0,-
13:22:20.027,snap,default,com.coolapk.market,discharging,1,30.8,56.8,100,95,1,23.07,2.3,0.21,38,4.185,0.503,2.105055,19441,11642,0,-
13:22:21.029,snap,default,com.coolapk.market,discharging,1,30.8,56.8,100,95,1,23.07,2.3,0.21,42,4.176,1.167,4.8733926,19441,11642,0,-
13:22:22.030,snap,default,com.coolapk.market,discharging,1,30.8,55.6,100,95,1,22.69,1.88,0.17,42,4.164,0.564,2.348496,16679,8927,0,-
13:22:23.030,snap,default,com.coolapk.market,discharging,1,30.8,52.6,100,95,1,22.69,1.88,0.17,0,4.188,0.402,1.6835761,16679,8927,0,-
13:22:24.029,snap,default,com.coolapk.market,discharging,1,30.8,53.6,100,95,1,22.75,1.54,0.14,26,4.156,0.773,3.212588,24021,13406,0,-
13:22:25.031,snap,default,com.coolapk.market,discharging,1,30.8,51.3,100,95,1,22.75,1.54,0.14,28,4.184,0.651,2.7237842,24021,13406,0,-
13:22:26.031,snap,default,com.coolapk.market,discharging,1,30.8,50.1,100,95,1,21.89,1.26,0.11,28,4.167,0.574,2.3918579,13638,6686,0,-
13:22:27.030,snap,default,com.coolapk.market,discharging,1,30.8,50.1,100,95,1,21.89,1.26,0.11,17,4.183,0.373,1.560259,13638,6686,0,-
13:22:28.032,snap,default,com.coolapk.market,discharging,1,30.7,50.5,100,95,1,20.46,1.03,0.09,17,4.189,0.456,1.910184,17111,8894,0,-
13:22:29.034,snap,default,com.coolapk.market,discharging,1,30.7,51.7,100,95,1,20.46,1.03,0.09,29,4.167,0.676,2.816892,17111,8894,0,-
13:22:30.031,snap,default,com.coolapk.market,discharging,1,30.7,51.7,100,95,1,20.19,0.84,0.07,33,4.185,0.593,2.481705,17808,9469,0,-
13:22:31.034,snap,default,com.coolapk.market,discharging,1,30.7,48.9,100,95,1,20.19,0.84,0.07,33,4.17,0.615,2.5645502,17808,9469,0,-
13:22:32.032,snap,default,com.coolapk.market,discharging,1,30.7,48.9,100,95,1,19.07,0.69,0.06,0,4.188,0.315,1.3192201,5898,2645,0,-
13:22:33.032,snap,default,com.coolapk.market,discharging,1,30.7,49.3,100,95,1,19.07,0.69,0.06,0,4.192,0.297,1.245024,5898,2645,0,-
13:22:34.033,snap,default,com.coolapk.market,discharging,1,30.7,50.9,100,95,1,18.69,0.56,0.05,37,4.191,0.632,2.6487122,25905,16217,0,-
13:22:35.032,snap,default,com.coolapk.market,discharging,1,30.7,50.9,100,95,1,18.69,0.56,0.05,12,4.169,0.787,3.2810032,25905,16217,0,-
13:22:36.032,snap,default,com.coolapk.market,discharging,1,30.7,50.9,100,95,1,19.47,0.46,0.04,7,4.169,0.607,2.5305831,17848,10673,0,-
13:22:37.036,snap,default,com.coolapk.market,discharging,1,30.7,50.1,100,95,1,19.47,0.46,0.04,19,4.179,0.412,1.721748,17848,10673,0,-
13:22:38.033,snap,default,com.coolapk.market,discharging,1,30.7,50.1,100,95,1,19.2,0.37,0.03,19,4.184,0.799,3.3430161,12573,6569,0,-
13:22:39.036,snap,default,com.coolapk.market,discharging,1,30.7,48.5,100,95,1,19.2,0.37,0.03,0,4.184,0.431,1.803304,12573,6569,0,-
13:22:40.037,snap,default,com.coolapk.market,discharging,1,30.7,47.3,100,95,1,18.08,0.31,0.02,0,4.189,0.257,1.076573,12573,6569,0,-
13:22:41.037,snap,default,com.coolapk.market,discharging,1,30.7,46.9,100,95,1,18.08,0.31,0.02,0,4.19,0.246,1.03074,5825,2557,0,-
13:22:42.035,snap,default,com.coolapk.market,discharging,1,30.7,46.9,100,95,1,16.61,0.25,0.02,0,4.193,0.22,0.92245996,5825,2557,0,-
13:22:43.036,snap,default,com.coolapk.market,discharging,1,30.7,47.3,100,95,1,16.61,0.25,0.02,0,4.191,0.239,1.001649,8031,3211,0,-
13:22:44.036,snap,default,com.coolapk.market,discharging,1,30.7,47.7,100,95,1,17.95,0.2,0.01,26,4.192,0.51,2.13792,8031,3211,0,-
13:22:45.037,snap,default,com.coolapk.market,discharging,1,30.7,48.9,100,95,1,17.95,0.2,0.01,0,4.18,0.336,1.40448,12009,5449,0,-
13:22:46.040,snap,default,com.coolapk.market,discharging,1,30.7,48.9,100,95,1,16.51,0.16,0.01,23,4.188,0.593,2.483484,12009,5449,0,-
13:22:47.039,snap,default,com.coolapk.market,discharging,1,30.7,48.1,100,95,1,16.51,0.16,0.01,23,4.182,0.466,1.948812,11095,6599,0,-
13:22:48.040,snap,default,com.coolapk.market,discharging,1,30.6,48.1,100,95,1,15.69,0.13,0.01,0,4.194,0.214,0.89751595,11095,6599,0,-
13:22:49.039,snap,default,com.coolapk.market,discharging,1,30.6,46.9,100,95,1,15.69,0.13,0.01,22,4.188,0.535,2.2405803,12435,7717,0,-
13:22:50.039,snap,default,com.coolapk.market,discharging,1,30.6,46.9,100,95,1,16.29,0.11,0,22,4.193,0.189,0.79247695,12435,7717,0,-
13:22:51.041,snap,default,com.coolapk.market,discharging,1,30.6,46.1,100,95,1,16.29,0.11,0,0,4.196,0.181,0.759476,4630,1591,0,-
13:22:52.041,snap,default,com.coolapk.market,discharging,1,30.6,46.1,100,95,1,14.79,0.09,0,0,4.194,0.232,0.9730079,4630,1591,0,-
13:22:53.041,snap,default,com.coolapk.market,discharging,1,30.6,45.3,100,95,1,14.79,0.09,0,0,4.193,0.185,0.775705,5190,2109,0,-
13:22:54.040,snap,default,com.coolapk.market,discharging,1,30.6,45.3,100,95,1,13.92,0.07,0,0,4.195,0.174,0.72993,5190,2109,0,-
13:22:55.042,snap,default,com.coolapk.market,discharging,1,30.6,45.3,100,95,1,13.92,0.07,0,0,4.193,0.195,0.81763494,4570,1647,0,-
13:22:56.044,snap,default,com.coolapk.market,discharging,1,30.6,45.7,100,95,1,13.03,0.06,0,21,4.196,0.348,1.4602079,4570,1647,0,-
13:22:57.044,snap,default,com.coolapk.market,discharging,1,30.6,45.7,100,95,1,13.03,0.06,0,0,4.19,0.214,0.89666003,9358,4945,0,-
13:22:58.044,snap,default,com.coolapk.market,discharging,1,30.6,45.3,100,95,1,13.38,0.05,0,0,4.189,0.181,0.758209,9358,4945,0,-
13:22:59.045,snap,default,com.coolapk.market,discharging,1,30.6,44.6,100,95,1,13.38,0.05,0,0,4.197,0.166,0.696702,3602,1297,0,-
13:23:00.045,snap,default,com.coolapk.market,discharging,1,30.6,44.6,100,95,1,12.77,0.04,0,0,4.197,0.192,0.80582404,3602,1297,0,-
13:23:01.044,snap,default,com.coolapk.market,discharging,1,30.6,45.3,100,95,1,12.45,0.03,0,0,4.195,0.178,0.74671006,7793,4252,0,-
13:23:02.045,snap,default,com.coolapk.market,discharging,1,30.6,46.5,100,95,1,12.45,0.03,0,23,4.196,0.503,2.110588,7793,4252,0,-
13:23:03.045,snap,default,com.coolapk.market,discharging,1,30.6,46.5,100,95,1,13.82,0.02,0,23,4.179,0.34,1.4208599,12995,7486,0,-
13:23:04.049,snap,default,com.coolapk.market,discharging,1,30.6,45.3,100,95,1,13.82,0.02,0,0,4.195,0.185,0.77607507,12995,7486,0,-
13:23:05.047,snap,default,com.coolapk.market,discharging,1,30.6,45.3,100,95,1,12.94,0.02,0,0,4.194,0.17,0.71298,12995,7486,0,-
13:23:06.046,snap,default,com.coolapk.market,discharging,1,30.6,47.3,100,95,1,12.94,0.02,0,20,4.197,0.557,2.337729,8729,4801,0,-
13:23:07.046,snap,default,com.coolapk.market,discharging,1,30.6,48.9,100,95,1,14.4,0.01,0,20,4.178,0.437,1.825786,8729,4801,0,-
13:23:08.048,snap,default,com.coolapk.market,discharging,1,30.5,48.9,100,95,1,14.4,0.01,0,13,4.194,0.586,2.457684,17552,10069,0,-
13:23:09.049,snap,default,com.coolapk.market,discharging,1,30.5,47.7,100,95,1,15.23,0.01,0,39,4.176,0.383,1.599408,17552,10069,0,-
13:23:10.048,snap,default,com.coolapk.market,discharging,1,30.5,47.7,100,95,1,15.23,0.01,0,39,4.185,0.514,2.15109,16750,10261,0,-
13:23:11.050,snap,default,com.coolapk.market,discharging,1,30.5,47.7,100,95,1,16.28,0.01,0,14,4.18,0.481,2.0105798,16750,10261,0,-
13:23:12.048,snap,default,com.coolapk.market,discharging,1,30.5,48.1,100,95,1,16.28,0.01,0,13,4.18,0.52,2.1735997,18378,10498,0,-
13:23:13.049,snap,default,com.coolapk.market,discharging,1,30.5,47.7,100,95,1,16.41,0,0,13,4.18,0.503,2.10254,18378,10498,0,-
13:23:14.048,snap,default,com.coolapk.market,discharging,1,30.5,48.1,100,95,1,16.41,0,0,0,4.183,0.271,1.133593,12896,5768,0,-
13:23:15.049,snap,default,com.coolapk.market,discharging,1,30.5,50.9,100,95,1,15.61,0,0,11,4.193,0.665,2.788345,12896,5768,0,-
13:23:16.052,snap,default,com.coolapk.market,discharging,1,30.5,50.9,100,95,1,15.61,0,0,14,4.176,0.557,2.326032,17867,8842,0,-
13:23:17.053,snap,default,com.coolapk.market,discharging,1,30.5,47.9,100,95,1,15.13,0,0,0,4.191,0.195,0.81724495,17867,8842,0,-
13:23:18.053,snap,default,com.coolapk.market,discharging,1,30.4,47.3,100,95,1,15.13,0,0,0,4.194,0.383,1.6063019,9625,4746,0,-
13:23:19.055,snap,default,com.coolapk.market,discharging,1,30.4,46.5,100,95,1,14.57,0,0,0,4.193,0.199,0.834407,9625,4746,0,-
13:23:20.059,snap,default,com.coolapk.market,discharging,1,30.4,45.7,100,95,1,14.57,0,0,22,4.194,0.38,1.5937198,10284,5717,0,-
13:23:21.057,snap,default,com.coolapk.market,discharging,1,30.4,45.7,100,95,1,14.64,0,0,22,4.177,0.325,1.357525,10284,5717,0,-
13:23:22.057,snap,default,com.coolapk.market,discharging,1,30.4,45.7,100,95,1,14.64,0,0,0,4.191,0.235,0.984885,6405,2884,0,-
13:23:23.057,snap,default,com.coolapk.market,discharging,1,30.4,45.7,100,95,1,14.34,0,0,0,4.195,0.377,1.5815151,6405,2884,0,-
13:23:24.056,snap,default,com.coolapk.market,discharging,1,30.4,46.1,100,95,1,14.34,0,0,23,4.188,0.239,1.000932,11737,6784,0,-
13:23:25.056,snap,default,com.coolapk.market,discharging,1,30.4,46.5,100,95,1,15.55,0,0,14,4.177,0.571,2.385067,11737,6784,0,-
13:23:26.060,snap,default,com.coolapk.market,discharging,1,30.4,46.5,100,95,1,15.55,0,0,14,4.185,0.437,1.828845,13050,6537,0,-
13:23:27.059,snap,default,com.coolapk.market,discharging,1,30.4,46.5,100,95,1,16.17,0,0,0,4.19,0.275,1.15225,13050,6537,0,-
13:23:28.060,snap,default,com.coolapk.market,discharging,1,30.3,46.5,100,95,1,16.17,0,0,20,4.175,0.636,2.6553001,15940,9159,0,-
13:23:29.059,snap,default,com.coolapk.market,discharging,1,30.3,46.5,100,95,1,16.87,0,0,20,4.188,0.383,1.604004,15940,9159,0,-
13:23:30.062,snap,default,com.coolapk.market,discharging,1,30.3,47.3,100,95,1,16.87,0,0,27,4.172,0.795,3.31674,17138,9886,0,-
13:23:31.062,snap,default,com.coolapk.market,discharging,1,30.3,47.3,100,95,1,17.07,0,0,32,4.188,0.427,1.7882761,17138,9886,0,-
13:23:32.061,snap,default,com.coolapk.market,discharging,1,30.3,47.3,100,95,1,17.07,0,0,26,4.189,0.532,2.228548,17138,9886,0,-
13:23:33.063,snap,default,com.coolapk.market,discharging,1,30.3,47.3,100,95,1,18.14,0,0,23,4.178,0.514,2.147492,14194,9469,0,-
13:23:34.067,snap,default,com.coolapk.market,discharging,1,30.3,47.3,100,95,1,18.14,0,0,23,4.178,0.398,1.662844,14194,9469,0,-
13:23:35.072,snap,default,com.coolapk.market,discharging,1,30.3,46.5,100,95,1,16.67,0,0,0,4.193,0.17,0.71281,11374,6179,0,-
13:23:36.067,snap,default,com.coolapk.market,discharging,1,30.3,45.3,100,95,1,16.67,0,0,0,4.195,0.232,0.97324,11374,6179,0,-
13:23:37.071,snap,default,com.coolapk.market,discharging,1,30.3,45.3,100,95,1,16,0,0,0,4.192,0.232,0.97254395,5008,2117,0,-
13:23:38.071,snap,default,com.coolapk.market,discharging,1,30.2,45.3,100,95,1,16,0,0,0,4.187,0.174,0.7285379,5008,2117,0,-
13:23:39.070,snap,default,com.coolapk.market,discharging,1,30.2,45.7,100,95,1,15.64,0,0,0,4.193,0.38,1.5933399,8241,4453,0,-
13:23:40.070,snap,default,com.coolapk.market,discharging,1,30.2,47.3,100,95,1,15.64,0,0,25,4.194,0.495,2.07603,8241,4453,0,-
13:23:41.070,snap,default,com.coolapk.market,discharging,1,30.2,47.3,100,95,1,16.79,0,0,13,4.177,0.398,1.662446,15043,8738,0,-
13:23:42.074,snap,default,com.coolapk.market,discharging,1,30.2,46.1,100,95,1,16.79,0,0,13,4.178,0.38,1.5876399,15043,8738,0,-
13:23:43.083,snap,default,com.coolapk.market,discharging,1,30.2,46.1,100,95,1,15.92,0,0,0,4.191,0.224,0.938784,8695,4174,0,-
13:23:44.074,snap,default,com.coolapk.market,discharging,1,30.2,46.5,100,95,1,15.92,0,0,20,4.186,0.481,2.013466,8695,4174,0,-
13:23:45.074,snap,default,com.coolapk.market,discharging,1,30.2,46.5,100,95,1,16.84,0,0,20,4.18,0.485,2.0273,19120,10964,0,-
13:23:46.075,snap,default,com.coolapk.market,discharging,1,30.2,46.5,100,95,1,16.84,0,0,25,4.175,0.416,1.7368001,19120,10964,0,-
13:23:47.075,snap,default,com.coolapk.market,discharging,1,30.2,46.1,100,95,1,16.51,0,0,0,4.185,0.408,1.70748,13003,6653,0,-
13:23:48.084,snap,default,com.coolapk.market,discharging,1,30.1,46.1,100,95,1,16.51,0,0,0,4.191,0.192,0.804672,13003,6653,0,-
13:23:49.087,snap,default,com.coolapk.market,discharging,1,30.1,46.1,100,95,1,16.23,0,0,30,4.194,0.503,2.109582,11566,6816,0,-
13:23:50.088,snap,default,com.coolapk.market,discharging,1,30.1,46.1,100,95,1,16.23,0,0,0,4.169,0.445,1.855205,11566,6816,0,-
13:23:51.089,snap,default,com.coolapk.market,discharging,1,30.1,46.1,100,95,1,15.46,0,0,0,4.193,0.189,0.79247695,7573,3327,0,-
13:23:52.087,snap,default,com.coolapk.market,discharging,1,30.1,46.1,100,95,1,15.46,0,0,0,4.194,0.203,0.85138196,7573,3327,0,-
13:23:53.088,snap,default,com.coolapk.market,discharging,1,30.1,47.7,100,95,1,15.92,0,0,28,4.195,0.514,2.15623,15157,9041,0,-
13:23:54.093,snap,default,com.coolapk.market,discharging,1,30.1,47.7,100,95,1,15.92,0,0,28,4.182,0.524,2.191368,15157,9041,0,-
13:23:55.090,snap,default,com.coolapk.market,discharging,1,30.1,47.7,100,95,1,15.92,0,0,28,4.182,0.524,2.191368,15729,9131,0,-
13:23:56.089,snap,default,com.coolapk.market,discharging,1,30.1,47.7,100,95,1,16.48,0,0,28,4.192,0.485,2.03312,15729,9131,0,-
13:23:57.090,snap,default,com.coolapk.market,discharging,1,30.1,47.3,100,95,1,16.48,0,0,28,4.183,0.278,1.162874,15186,8612,0,-
13:23:58.090,snap,default,com.coolapk.market,discharging,1,30.1,48.5,100,95,1,16.75,0,0,34,4.193,0.658,2.7589939,15186,8612,0,-
13:23:59.091,snap,default,com.coolapk.market,discharging,1,30.1,48.5,100,95,1,16.75,0,0,0,4.172,0.474,1.977528,15186,8612,0,-
13:24:00.094,snap,default,com.coolapk.market,discharging,1,30.1,48.5,100,95,1,17.52,0,0,25,4.185,0.549,2.297565,21191,12332,0,-
13:24:01.094,snap,default,com.coolapk.market,discharging,1,30.1,47.3,100,95,1,17.52,0,0,20,4.175,0.485,2.0248752,21191,12332,0,-
13:24:02.091,snap,default,com.coolapk.market,discharging,1,30.1,46.9,100,95,1,17.06,0,0,0,4.187,0.329,1.377523,12521,7368,0,-
13:24:03.093,snap,default,com.coolapk.market,discharging,1,30.1,46.9,100,95,1,17.06,0,0,18,4.192,0.423,1.773216,12521,7368,0,-
13:24:04.093,snap,default,com.coolapk.market,discharging,1,30.1,46.1,100,95,1,17.78,0,0,16,4.181,0.532,2.224292,17690,10043,0,-
13:24:05.094,snap,default,com.coolapk.market,discharging,1,30.1,46.1,100,95,1,17.78,0,0,14,4.179,0.416,1.738464,17690,10043,0,-
13:24:06.092,snap,default,com.coolapk.market,discharging,1,30.1,46.1,100,95,1,17.45,0,0,14,4.17,0.387,1.61379,11499,5859,0,-
13:24:07.095,snap,default,com.coolapk.market,discharging,1,30.1,46.1,100,95,1,17.45,0,0,0,4.191,0.232,0.972312,11499,5859,0,-
13:24:08.095,snap,default,com.coolapk.market,discharging,1,30,46.5,100,95,1,17.37,0,0,21,4.168,0.545,2.2715602,15940,8786,0,-
13:24:09.093,snap,default,com.coolapk.market,discharging,1,30,47.3,100,95,1,17.37,0,0,21,4.172,0.441,1.839852,15940,8786,0,-
13:24:10.096,snap,default,com.coolapk.market,discharging,1,30,47.3,100,95,1,17.48,0,0,17,4.188,0.514,2.152632,17956,11265,0,-
13:24:11.096,snap,default,com.coolapk.market,discharging,1,30,47.3,100,95,1,17.48,0,0,13,4.187,0.517,2.164679,17956,11265,0,-
13:24:12.096,snap,default,com.coolapk.market,discharging,1,30,46.9,100,95,1,17.94,0,0,25,4.179,0.491,2.051889,14733,8046,0,-
13:24:13.097,snap,default,com.coolapk.market,discharging,1,30,46.1,100,95,1,17.94,0,0,25,4.175,0.394,1.64495,14733,8046,0,-
13:24:14.098,snap,default,com.coolapk.market,discharging,1,30,46.1,100,95,1,17.22,0,0,0,4.19,0.232,0.97208,13352,7394,0,-
13:24:15.098,snap,default,com.coolapk.market,discharging,1,30,46.1,100,95,1,17.22,0,0,23,4.178,0.506,2.114068,13352,7394,0,-
13:24:16.098,snap,default,com.coolapk.market,discharging,1,30,46.1,100,95,1,16.82,0,0,23,4.163,0.373,1.552799,11779,6988,0,-
13:24:17.098,snap,default,com.coolapk.market,discharging,1,30,46.9,100,95,1,16.82,0,0,28,4.188,0.402,1.6835761,11779,6988,0,-
13:24:18.100,snap,default,com.coolapk.market,discharging,1,30,46.9,100,95,1,17.4,0.18,0,12,4.166,0.64,2.66624,17419,9892,0,-
13:24:19.102,snap,default,com.coolapk.market,discharging,1,30,46.9,100,95,1,17.4,0.18,0,12,4.183,0.466,1.949278,17419,9892,0,-
13:24:20.102,snap,default,com.coolapk.market,discharging,1,30,46.9,100,95,1,16.96,0.14,0,17,4.181,0.373,1.5595131,13430,8033,0,-
13:24:21.104,snap,default,com.coolapk.market,discharging,1,30,46.5,100,95,1,16.96,0.14,0,19,4.19,0.34,1.4246,13430,8033,0,-
13:24:22.106,snap,default,com.coolapk.market,discharging,1,30,46.5,100,95,1,17.87,0.12,0,19,4.181,0.474,1.9817941,16683,9578,0,-
13:24:23.105,snap,default,com.coolapk.market,discharging,1,30,46.5,100,95,1,17.87,0.12,0,20,4.176,0.46,1.9209601,16683,9578,0,-
13:24:24.103,snap,default,com.coolapk.market,discharging,1,30,48.1,100,95,1,17.89,0.09,0,21,4.18,0.373,1.55914,19304,11153,0,-
13:24:25.103,snap,default,com.coolapk.market,discharging,1,30,50.1,100,95,1,17.89,0.09,0,27,4.173,0.543,2.2659388,19304,11153,0,-
13:24:26.105,snap,default,com.coolapk.market,discharging,1,30,50.1,100,95,1,18.82,0.08,0,27,4.174,0.762,3.180588,19304,11153,0,-
13:24:27.104,snap,default,com.coolapk.market,discharging,1,30,48.1,100,95,1,18.82,0.08,0,17,4.172,0.647,2.699284,20127,12284,0,-
13:24:28.104,snap,default,com.coolapk.market,discharging,1,29.9,48.1,100,95,1,18.85,0.06,0,15,4.173,0.488,2.036424,20127,12284,0,-
13:24:29.104,snap,default,com.coolapk.market,discharging,1,29.9,48.1,100,95,1,18.85,0.06,0,15,4.184,0.452,1.891168,18673,10924,0,-
13:24:30.107,snap,default,com.coolapk.market,discharging,1,29.9,48.5,100,95,1,19.06,0.05,0,14,4.189,0.629,2.634881,18673,10924,0,-
13:24:31.105,snap,default,com.coolapk.market,discharging,1,29.9,49.3,100,95,1,19.06,0.05,0,18,4.185,0.481,2.012985,17867,11069,0,-
13:24:32.105,snap,default,com.coolapk.market,discharging,1,29.9,49.3,100,95,1,19.41,0.04,0,10,4.175,0.503,2.1000252,17867,11069,0,-
13:24:33.107,snap,default,com.coolapk.market,discharging,1,29.9,52.3,100,95,1,19.41,0.04,0,14,4.185,0.543,2.272455,25900,16442,0,-
13:24:34.106,snap,default,com.coolapk.market,discharging,1,29.9,52.8,100,95,1,21.69,0.21,0,5,4.18,1.052,4.39736,25900,16442,0,-
13:24:35.107,snap,default,mark.via,discharging,1,29.9,50.9,100,95,1,21.69,0.21,0,5,4.139,0.889,3.679571,27560,13813,0,-
13:24:36.107,snap,default,mark.via,discharging,1,29.9,50.9,100,95,1,21.56,1.62,0,7,4.18,0.571,2.3867798,27560,13813,0,-
13:24:37.114,snap,default,mark.via,discharging,1,29.9,50.1,100,95,1,21.56,1.62,0,7,4.173,0.727,3.0337708,21720,10382,0,-
13:24:38.111,snap,default,mark.via,discharging,1,29.9,50.5,100,95,1,20.56,2.05,0,7,4.164,0.759,3.160476,21720,10382,0,-
13:24:39.111,snap,default,mark.via,discharging,1,29.9,50.5,100,95,1,20.56,2.05,0,9,4.17,0.445,1.85565,21178,11821,0,-
13:24:40.112,snap,default,mark.via,discharging,1,29.9,50.5,100,95,1,20.27,1.68,0,6,4.179,0.679,2.837541,21178,11821,0,-
13:24:41.113,snap,default,mark.via,discharging,1,29.9,50.9,100,95,1,20.27,1.68,0,6,4.17,0.528,2.20176,19458,10725,0,-
13:24:42.111,snap,default,mark.via,discharging,1,29.9,52.1,100,95,1,20.95,1.37,0,8,4.181,0.456,1.9065361,19458,10725,0,-
13:24:43.112,snap,default,mark.via,discharging,1,29.9,55.1,100,95,1,20.95,1.37,0,57,4.18,1.279,5.34622,42065,25615,0,-
13:24:44.112,snap,default,mark.via,discharging,1,29.9,55.2,100,95,1,23.67,1.31,0,10,4.141,1.012,4.1906915,42065,25615,0,-
13:24:45.113,snap,default,mark.via,discharging,1,29.9,54.8,100,95,1,23.67,1.31,0,5,4.149,0.777,3.2237732,25039,14708,0,-
13:24:46.111,snap,default,mark.via,discharging,1,29.9,54.8,100,95,1,23.37,1.07,0,7,4.174,0.586,2.445964,25039,14708,0,-
13:24:47.111,snap,default,mark.via,discharging,1,29.9,55.2,100,95,1,23.37,1.07,0,10,4.181,0.791,3.307171,26606,16201,0,-
13:24:48.112,snap,default,mark.via,discharging,1,29.9,55.2,100,95,1,22.58,0.87,0,10,4.164,0.947,3.943308,26606,16201,0,-
13:24:49.115,snap,default,mark.via,discharging,1,29.9,52.2,100,95,1,22.58,0.87,0,0,4.169,0.673,2.805737,9283,4013,0,-
13:24:50.117,snap,default,mark.via,discharging,1,29.9,49.2,100,95,1,20.84,0.71,0,0,4.18,0.304,1.2707199,9283,4013,0,-
13:24:51.121,snap,default,mark.via,discharging,1,29.9,46.9,100,95,1,20.84,0.71,0,0,4.188,0.181,0.75802803,9283,4013,0,-
13:24:52.115,snap,default,mark.via,discharging,1,29.9,46.9,100,95,1,19.06,0.58,0,12,4.191,0.232,0.972312,5860,2556,0,-
13:24:53.115,snap,default,mark.via,discharging,1,29.9,49.9,100,95,1,19.06,0.58,0,11,4.189,0.365,1.5289851,5860,2556,0,-
13:24:54.115,snap,default,mark.via,discharging,1,29.9,52.9,100,95,1,19.59,0.48,0,11,4.176,0.748,3.1236482,25456,16153,0,-
13:24:55.116,snap,default,mark.via,discharging,1,29.9,53.2,100,95,1,19.59,0.48,0,11,4.175,0.81,3.38175,25456,16153,0,-
13:24:56.117,snap,default,com.mfcloudcalculate.networkdisk,discharging,1,29.9,56.2,100,95,1,18.94,0.39,0.9,11,4.14,1.019,4.21866,16592,7814,0,-
13:24:57.116,snap,default,com.mfcloudcalculate.networkdisk,discharging,1,29.9,54.8,100,95,1,18.94,0.39,0.9,0,4.173,0.95,3.9643497,16592,7814,0,-
13:24:58.117,snap,default,com.mfcloudcalculate.networkdisk,discharging,1,29.9,54.8,100,95,1,19.85,0.86,0.74,13,4.159,0.954,3.967686,29448,16082,0,-
13:24:59.116,snap,default,com.mfcloudcalculate.networkdisk,discharging,1,29.9,51.8,100,95,1,19.85,0.86,0.74,44,4.174,0.597,2.4918778,29448,16082,0,-
13:25:00.116,snap,default,com.mfcloudcalculate.networkdisk,discharging,1,29.9,51.7,100,95,1,19.88,0.89,0.6,47,4.17,0.622,2.59374,17767,10803,0,-
13:25:01.116,snap,default,com.mfcloudcalculate.networkdisk,discharging,1,29.9,50.5,100,95,1,19.88,0.89,0.6,66,4.173,0.618,2.5789137,17767,10803,0,-
13:25:02.117,snap,default,com.mfcloudcalculate.networkdisk,discharging,1,29.9,50.5,100,95,1,20.26,0.72,0.49,52,4.173,0.499,2.082327,18622,10032,0,-
13:25:03.118,snap,default,com.mfcloudcalculate.networkdisk,discharging,1,29.9,50.5,100,95,1,20.26,0.72,0.49,22,4.174,0.687,2.8675377,18622,10032,0,-
13:25:04.118,snap,default,com.mfcloudcalculate.networkdisk,discharging,1,29.9,50.5,100,95,1,20.76,1.5,0.4,22,4.159,0.733,3.0485468,25518,12420,0,-
13:25:05.117,snap,default,com.mfcloudcalculate.networkdisk,discharging,1,29.9,50.9,100,95,1,20.76,1.5,0.4,0,4.178,0.456,1.9051679,25518,12420,0,-
13:25:06.121,snap,default,com.mfcloudcalculate.networkdisk,discharging,1,29.9,50.9,100,95,1,20.62,1.41,0.51,40,4.178,0.665,2.7783701,21819,11004,0,-
13:25:07.118,snap,default,com.mfcloudcalculate.networkdisk,discharging,1,29.9,53.6,100,95,1,20.62,1.41,0.51,40,4.15,0.816,3.3864,21819,11004,0,-
13:25:08.120,snap,default,com.miui.home,discharging,1,29.9,53.6,100,95,1,21.23,1.7,0.96,4,4.173,0.893,3.7264888,29306,16947,0,-
13:25:09.120,snap,default,com.miui.home,discharging,1,29.9,50.6,100,95,1,21.23,1.7,0.96,8,4.169,0.431,1.796839,29306,16947,0,-
13:25:10.119,snap,default,com.miui.home,discharging,1,29.9,49.7,100,95,1,21.37,1.39,0.79,1,4.18,0.325,1.3584999,10992,5880,0,-
13:25:11.121,snap,default,com.miui.home,discharging,1,29.9,49.7,100,95,1,21.37,1.39,0.79,2,4.173,0.333,1.389609,10992,5880,0,-
13:25:12.119,snap,default,com.miui.home,discharging,1,29.9,49.7,100,95,1,20.94,1.13,0.64,7,4.184,0.857,3.5856879,20189,10783,0,-
13:25:13.119,snap,default,com.miui.home,discharging,1,29.9,49.7,100,95,1,20.94,1.13,0.64,3,4.165,1.124,4.68146,20189,10783,0,-
13:25:14.119,snap,default,com.miui.home,discharging,1,29.9,49.7,100,95,1,26.02,3.28,1.61,11,4.127,2.28,9.409559,53480,19960,0,-
13:25:15.119,snap,default,com.miui.home,discharging,1,29.9,49.7,100,95,1,26.02,3.28,1.61,5,4.105,2.334,9.581071,53480,19960,0,-
13:25:16.121,snap,default,com.miui.home,discharging,1,29.9,49.7,100,95,1,32,3.77,2.77,10,4.095,1.752,7.1744394,50478,23974,0,-
13:25:17.121,snap,default,com.miui.home,discharging,1,29.9,52.7,100,95,1,32,3.77,2.77,9,4.148,1.323,5.4878035,50478,23974,0,-
13:25:18.121,snap,default,com.miui.home,discharging,1,29.9,55.7,100,95,1,35.26,4.18,2.81,14,4.153,1.257,5.2203207,50478,23974,0,-
13:25:19.121,snap,default,com.miui.home,discharging,1,29.9,58.7,100,95,1,35.26,4.18,2.81,15,4.133,1.124,4.6454916,35109,14572,0,-
13:25:20.121,snap,default,com.miui.home,discharging,1,29.9,58,100,95,1,34.48,3.6,2.3,21,4.141,0.885,3.6647847,35109,14572,0,-
13:25:21.122,snap,default,com.miui.home,discharging,1,29.9,58,100,95,1,34.48,3.6,2.3,26,4.161,1.058,4.4023376,33361,18270,0,-
13:25:22.121,snap,default,com.android.quicksearchbox,discharging,1,29.9,58,100,95,1,34.03,3.31,1.88,28,4.131,1.882,7.774542,33361,18270,0,-
13:25:23.122,snap,default,com.android.quicksearchbox,discharging,1,29.9,58,100,95,1,34.03,3.31,1.88,35,4.11,2.24,9.2064,48980,23922,0,-
13:25:24.122,snap,default,com.android.quicksearchbox,discharging,1,29.9,58,100,95,1,39.64,4.16,2.27,30,4.097,2.344,9.603369,48980,23922,0,-
